{
    "camera_source": 0,
    "detection_confidence": 0.7,
    "tracking_confidence": 0.5,
    "theme": "dark",
    "custom_gestures_data": {
        "custom_1768319127": [
            [
                0.7940474152565002,
                0.9522355794906616,
                3.205867074029811e-07
            ],
            [
                0.8416541814804077,
                0.8677895069122314,
                -0.0018122405745089054
            ],
            [
                0.8569396138191223,
                0.7553377151489258,
                -0.01999921351671219
            ],
            [
                0.8352203965187073,
                0.6630110144615173,
                -0.039212778210639954
            ],
            [
                0.7932769656181335,
                0.6143059730529785,
                -0.05458291247487068
            ],
            [
                0.8618609309196472,
                0.7462328672409058,
                -0.05699479579925537
            ],
            [
                0.8067099452018738,
                0.6229287981987,
                -0.09444545954465866
            ],
            [
                0.7867094278335571,
                0.6559047698974609,
                -0.11100372672080994
            ],
            [
                0.7896903157234192,
                0.7054499983787537,
                -0.11520826816558838
            ],
            [
                0.8097072839736938,
                0.7722926735877991,
                -0.07186592370271683
            ],
            [
                0.765485405921936,
                0.6029854416847229,
                -0.10905084013938904
            ],
            [
                0.7486592531204224,
                0.49991047382354736,
                -0.12426842749118805
            ],
            [
                0.7424833178520203,
                0.42512956261634827,
                -0.13491974771022797
            ],
            [
                0.7533575892448425,
                0.7996346950531006,
                -0.08293033391237259
            ],
            [
                0.7075377106666565,
                0.657780647277832,
                -0.10906276851892471
            ],
            [
                0.7149497270584106,
                0.6855776309967041,
                -0.08830379694700241
            ],
            [
                0.7295759916305542,
                0.7258320450782776,
                -0.06883887201547623
            ],
            [
                0.7038488388061523,
                0.8283809423446655,
                -0.09350235760211945
            ],
            [
                0.674952507019043,
                0.7064122557640076,
                -0.10148043185472488
            ],
            [
                0.6886764764785767,
                0.7315182685852051,
                -0.07418256253004074
            ],
            [
                0.703888475894928,
                0.7710432410240173,
                -0.05122668668627739
            ]
        ]
    },
    "gesture_mappings": [
        {
            "id": "fist",
            "name": "握拳",
            "action_type": "key",
            "action_value": "space",
            "enabled": true
        },
        {
            "id": "open_palm",
            "name": "张开手掌",
            "action_type": "key",
            "action_value": "escape",
            "enabled": true
        },
        {
            "id": "thumbs_up",
            "name": "竖起大拇指",
            "action_type": "key",
            "action_value": "enter",
            "enabled": true
        },
        {
            "id": "victory",
            "name": "胜利手势",
            "action_type": "key",
            "action_value": "v",
            "enabled": true
        },
        {
            "id": "point_up",
            "name": "竖起食指",
            "action_type": "mouse",
            "action_value": "right_click",
            "enabled": true
        },
        {
            "id": "custom_1768319127",
            "name": "友好手势",
            "action_type": "mouse",
            "action_value": "left_click",
            "enabled": true
        }
    ]
}