{
    "camera_source": 0,
    "detection_confidence": 0.7,
    "tracking_confidence": 0.5,
    "theme": "dark",
    "custom_gestures_data": {
        "custom_1768319127": [
            [
                0.7940474152565002,
                0.9522355794906616,
                3.205867074029811e-07
            ],
            [
                0.8416541814804077,
                0.8677895069122314,
                -0.0018122405745089054
            ],
            [
                0.8569396138191223,
                0.7553377151489258,
                -0.01999921351671219
            ],
            [
                0.8352203965187073,
                0.6630110144615173,
                -0.039212778210639954
            ],
            [
                0.7932769656181335,
                0.6143059730529785,
                -0.05458291247487068
            ],
            [
                0.8618609309196472,
                0.7462328672409058,
                -0.05699479579925537
            ],
            [
                0.8067099452018738,
                0.6229287981987,
                -0.09444545954465866
            ],
            [
                0.7867094278335571,
                0.6559047698974609,
                -0.11100372672080994
            ],
            [
                0.7896903157234192,
                0.7054499983787537,
                -0.11520826816558838
            ],
            [
                0.8097072839736938,
                0.7722926735877991,
                -0.07186592370271683
            ],
            [
                0.765485405921936,
                0.6029854416847229,
                -0.10905084013938904
            ],
            [
                0.7486592531204224,
                0.49991047382354736,
                -0.12426842749118805
            ],
            [
                0.7424833178520203,
                0.42512956261634827,
                -0.13491974771022797
            ],
            [
                0.7533575892448425,
                0.7996346950531006,
                -0.08293033391237259
            ],
            [
                0.7075377106666565,
                0.657780647277832,
                -0.10906276851892471
            ],
            [
                0.7149497270584106,
                0.6855776309967041,
                -0.08830379694700241
            ],
            [
                0.7295759916305542,
                0.7258320450782776,
                -0.06883887201547623
            ],
            [
                0.7038488388061523,
                0.8283809423446655,
                -0.09350235760211945
            ],
            [
                0.674952507019043,
                0.7064122557640076,
                -0.10148043185472488
            ],
            [
                0.6886764764785767,
                0.7315182685852051,
                -0.07418256253004074
            ],
            [
                0.703888475894928,
                0.7710432410240173,
                -0.05122668668627739
            ]
        ],
        "custom_1768390772": [
            [
                0.8918375968933105,
                0.7561801671981812,
                2.3691217165833223e-07
            ],
            [
                0.8109359741210938,
                0.7414675354957581,
                -0.020203441381454468
            ],
            [
                0.7345541715621948,
                0.6984882354736328,
                -0.038798362016677856
            ],
            [
                0.6735101938247681,
                0.6663857102394104,
                -0.059926390647888184
            ],
            [
                0.6280467510223389,
                0.6173660159111023,
                -0.08094961941242218
            ],
            [
                0.740931510925293,
                0.5372403860092163,
                -0.011660018935799599
            ],
            [
                0.6786197423934937,
                0.47904273867607117,
                -0.05525350570678711
            ],
            [
                0.6451370120048523,
                0.5031742453575134,
                -0.09287355095148087
            ],
            [
                0.6285170912742615,
                0.5410929322242737,
                -0.11452551186084747
            ],
            [
                0.7708443999290466,
                0.4970615804195404,
                -0.02559003420174122
            ],
            [
                0.7249289751052856,
                0.37548643350601196,
                -0.05352583900094032
            ],
            [
                0.6812148094177246,
                0.308937132358551,
                -0.0804356187582016
            ],
            [
                0.6406068801879883,
                0.2575819492340088,
                -0.09975236654281616
            ],
            [
                0.8139539361000061,
                0.4956585764884949,
                -0.04611331224441528
            ],
            [
                0.8049203157424927,
                0.36096400022506714,
                -0.07762409746646881
            ],
            [
                0.7813010811805725,
                0.2810858190059662,
                -0.10136054456233978
            ],
            [
                0.7524168491363525,
                0.21295258402824402,
                -0.11769842356443405
            ],
            [
                0.8631793856620789,
                0.5291521549224854,
                -0.06804435700178146
            ],
            [
                0.8904953598976135,
                0.44029828906059265,
                -0.0983085185289383
            ],
            [
                0.894747793674469,
                0.3731954097747803,
                -0.1107146218419075
            ],
            [
                0.889999270439148,
                0.31232696771621704,
                -0.1183147132396698
            ]
        ],